bookingId,travellerId,companyId,bookingDate,departureDate,origin,destination,priceInUSD,status
871828043447292403,59,10,2020-04-01,2020-04-22,Hong Kong,Sydney,675,CANCELLED
657007056812525261,426,2,2020-04-01,2020-04-20,Johannesburg,Tokyo,35,CANCELLED
604896745437781492,134,10,2020-04-01,2020-04-12,Osaka,Madrid,405,CANCELLED
9108275851567550145,63,14,2020-04-01,2020-07-15,Munich,Athens,344,CANCELLED
607557492450491361,343,19,2020-04-01,2020-04-30,Toronto,Johannesburg,556,CANCELLED
5592150475060572613,20,21,2020-04-01,2020-05-02,Lausanne,Beijing,33,EXCHANGED
4925722759137144992,165,16,2020-04-01,2020-05-04,Munich,Sao Paolo,28,EXCHANGED
2843522899958850976,493,19,2020-04-01,2020-05-05,Amsterdam,Sao Paolo,25,EXCHANGED
1389662034239405312,270,21,2020-04-01,2020-05-22,Kiev,Madrid,21,EXCHANGED
1153466188584870722,337,13,2020-04-01,2020-04-29,Athens,Budapest,21,EXCHANGED
5700627557867340556,216,17,2020-04-01,2020-06-12,Cairo,Hong Kong,77,EXCHANGED
4223308279606350638,16,17,2020-04-02,2020-06-07,Toronto,Sydney,554,BOOKED
4224744311816617081,308,9,2020-04-02,2020-06-24,Sydney,Sydney,300,BOOKED
6172341052699506546,70,21,2020-04-02,2020-07-17,Toronto,Sydney,359,BOOKED
8762698566109901749,172,23,2020-04-02,2020-07-05,New York,Warsaw,754,BOOKED
2390626512497667871,358,9,2020-04-02,2020-06-15,Cairo,Sydney,123,BOOKED
6358253509519072973,216,17,2020-04-02,2020-06-18,Sao Paolo,Buenos Aires,464,BOOKED
5798486921636075301,99,25,2020-04-02,2020-07-11,Moscow,Dubai,681,BOOKED
7056117045678963248,434,10,2020-04-02,2020-06-05,London,Sydney,229,BOOKED
7440587425151734845,305,6,2020-04-02,2020-07-07,Lausanne,Sydney,38,BOOKED
7045664318474143946,26,2,2020-04-02,2020-07-03,Amsterdam,Tokyo,351,BOOKED
892162189870268284,137,13,2020-04-02,2020-06-13,Athens,Amsterdam,127,BOOKED
459288773475062076,14,15,2020-04-02,2020-07-24,Paris,Berlin,242,BOOKED
3686049192971385702,397,23,2020-04-02,2020-06-13,Hong Kong,Sydney,234,BOOKED
1091882130199713544,363,14,2020-04-02,2020-06-09,Stockholm,Moscow,368,BOOKED
7828563451822545865,294,20,2020-04-02,2020-05-17,New York,Johannesburg,561,CANCELLED
891646098590321022,224,25,2020-04-02,2020-03-28,Sao Paolo,New York,169,CANCELLED
1153778401069943185,132,8,2020-04-02,2020-05-25,Kiev,Sydney,38,EXCHANGED
6001180737170187297,39,15,2020-04-02,2020-04-23,Lausanne,Buenos Aires,20,EXCHANGED
320509927443896591,295,21,2020-04-02,2020-06-22,Sydney,Dubai,22,EXCHANGED
8371314190073027454,9,10,2020-04-02,2020-05-22,Warsaw,Madrid,23,EXCHANGED
4319372374684398539,221,22,2020-04-03,2020-06-16,Sydney,Paris,537,BOOKED
4794458144561758150,401,2,2020-04-03,2020-07-16,Sao Paolo,Munich,61,BOOKED
4054331432122330448,57,8,2020-04-03,2020-07-21,Sao Paolo,Stockholm,633,BOOKED
3617927985997767840,467,18,2020-04-03,2020-07-02,Sydney,Sao Paolo,311,BOOKED
335271042213171683,391,17,2020-04-03,2020-03-19,Johannesburg,Los Angeles,515,CANCELLED
6610028405515346134,460,11,2020-04-03,2020-06-28,Kiev,Lisbon,71,EXCHANGED
3345889818049571047,194,20,2020-04-03,2020-05-16,Berlin,Tokyo,40,EXCHANGED
3071137733459508557,329,5,2020-04-04,2020-07-15,Budapest,Prague,614,BOOKED
33442517461174760,68,19,2020-04-04,2020-07-16,Lisbon,Bogota,298,BOOKED
1894107969477705864,231,7,2020-04-04,2020-06-27,Madrid,Buenos Aires,619,BOOKED
7485866510959923156,179,5,2020-04-04,2020-07-23,New York,Sydney,681,BOOKED
2835358447385336342,494,20,2020-04-04,2020-06-13,Sao Paolo,Warsaw,167,BOOKED
7490770352899563833,63,14,2020-04-04,2020-07-20,Berlin,Dubai,795,BOOKED
1282275768239333025,449,25,2020-04-04,2020-07-27,Athens,Johannesburg,374,BOOKED
8859651751098929640,138,14,2020-04-04,2020-07-16,Brussels,Hong Kong,468,BOOKED
806607336005811523,344,20,2020-04-04,2020-06-23,New York,Amsterdam,279,BOOKED
2837336937543286221,11,12,2020-04-04,2020-07-29,Toronto,Kiev,531,BOOKED
3323752161353470062,194,20,2020-04-04,2020-07-29,Amsterdam,London,599,BOOKED
9011816026875642601,289,15,2020-04-04,2020-07-14,Oslo,London,737,BOOKED
3495499761264030504,318,19,2020-04-04,2020-05-11,Dubai,Paris,645,CANCELLED
4372979913220631752,423,24,2020-04-04,2020-06-01,Sydney,Sao Paolo,662,CANCELLED
4710470074101847343,473,24,2020-04-04,2020-05-06,Sofia,New York,403,CANCELLED
1162545221725813045,188,14,2020-04-04,2020-05-12,Tokyo,Amsterdam,20,EXCHANGED
1189307870895028352,188,14,2020-04-04,2020-05-29,Amsterdam,Kiev,20,EXCHANGED
155785297561791709,446,22,2020-04-04,2020-05-27,Athens,Paris,24,EXCHANGED
6994654971008728904,227,3,2020-04-04,2020-05-06,Sao Paolo,Cairo,59,EXCHANGED
3394580051502628673,40,16,2020-04-04,2020-05-16,Amsterdam,Sao Paolo,24,EXCHANGED
7146893255132677172,308,9,2020-04-05,2020-08-02,Lisbon,Hong Kong,254,BOOKED
3430113363863358903,58,9,2020-04-05,2020-07-21,Amsterdam,Amsterdam,523,BOOKED
6828929714495107328,233,9,2020-04-05,2020-07-27,Sydney,Lisbon,330,BOOKED
3003102698170719988,293,19,2020-04-05,2020-07-10,Hong Kong,Budapest,579,BOOKED
513576215190630552,319,20,2020-04-05,2020-06-22,London,Paris,431,BOOKED
2288243741896498954,245,21,2020-04-05,2020-06-05,New Mexico,Lisbon,462,BOOKED
3811788667915201415,207,8,2020-04-05,2020-08-02,Prague,Los Angeles,211,BOOKED
5459728379590851606,426,2,2020-04-05,2020-07-11,Berlin,New Delhi,219,BOOKED
6872106766502349907,53,4,2020-04-05,2020-07-30,Amsterdam,Tokyo,39,BOOKED
1524227810568962278,13,14,2020-04-05,2020-04-21,Sydney,London,103,CANCELLED
8005547661994696531,288,14,2020-04-05,2020-05-19,Dubai,London,81,EXCHANGED
7374345279302486627,313,14,2020-04-05,2020-05-06,Hong Kong,New York,52,EXCHANGED
4616821938882775399,255,6,2020-04-05,2020-06-01,Madrid,Brussels,53,EXCHANGED
5695434502881833212,400,1,2020-04-05,2020-04-28,Beijing,Dubai,22,EXCHANGED
5165945157254204273,416,17,2020-04-06,2020-06-22,Sydney,Hong Kong,778,BOOKED
7163951614866332650,112,13,2020-04-06,2020-07-26,Paris,Buenos Aires,69,BOOKED
225033942321549805,377,3,2020-04-06,2020-07-02,Sydney,Athens,67,BOOKED
6952035907312888837,250,1,2020-04-06,2020-06-09,Madrid,Sao Paolo,342,BOOKED
6261437792829179301,496,22,2020-04-06,2020-06-22,Sao Paolo,Sydney,289,BOOKED
1000639878764574811,308,9,2020-04-06,2020-06-10,New Delhi,Prague,364,BOOKED
8105084354671423360,223,24,2020-04-06,2020-07-27,Toronto,Amsterdam,735,BOOKED
587561171085476462,39,15,2020-04-06,2020-07-09,Paris,Lisbon,280,BOOKED
7881954241948748822,47,23,2020-04-06,2020-06-26,Johannesburg,Hong Kong,609,BOOKED
435088636526551592,402,3,2020-04-06,2020-07-30,Tokyo,Osaka,597,BOOKED
7987069890590255781,442,18,2020-04-06,2020-07-29,Sydney,New Delhi,157,BOOKED
4856284014102897961,93,19,2020-04-06,2020-07-02,New Delhi,Berlin,745,BOOKED
8946398885740393763,490,16,2020-04-06,2020-06-30,Paris,Berlin,203,BOOKED
1135520322643606045,482,8,2020-04-06,2020-07-11,Los Angeles,Sydney,808,BOOKED
60221834865256605,308,9,2020-04-06,2020-07-17,Sydney,Warsaw,43,BOOKED
7551991388070252554,477,3,2020-04-06,2020-06-09,Toronto,Munich,26,EXCHANGED
2474276230293719648,432,8,2020-04-06,2020-06-10,New Delhi,Hong Kong,49,EXCHANGED
6211177127437328397,360,11,2020-04-06,2020-05-17,Cairo,Sofia,25,EXCHANGED
3858335934810629422,308,9,2020-04-06,2020-06-11,Sao Paolo,London,58,EXCHANGED
5646016805595359203,288,14,2020-04-06,2020-05-04,Brussels,Sydney,25,EXCHANGED
3534519326375020548,363,14,2020-04-06,2020-05-24,Oslo,Amsterdam,63,EXCHANGED
8304480800241582478,372,23,2020-04-07,2020-06-22,Osaka,Athens,329,BOOKED
1990798421072528080,184,10,2020-04-07,2020-07-19,Brussels,Prague,435,BOOKED
4836006693110632666,340,16,2020-04-07,2020-07-15,Cairo,Sydney,84,BOOKED
4254097871434526770,355,6,2020-04-07,2020-06-07,Stockholm,Tokyo,244,BOOKED
1105450750183777002,2,3,2020-04-07,2020-07-15,Lisbon,New York,25,BOOKED
6174495046498460017,308,9,2020-04-07,2020-06-19,Hong Kong,Athens,119,BOOKED
9198201196337829270,39,15,2020-04-07,2020-06-28,Osaka,Sao Paolo,819,BOOKED
2696522750132677552,172,23,2020-04-07,2020-07-03,Athens,Toronto,135,BOOKED
6646336857601635222,156,7,2020-04-07,2020-06-26,Bogota,Sao Paolo,180,BOOKED
6690123123374362170,134,10,2020-04-07,2020-06-19,Milano,New Mexico,526,BOOKED
5226783324965660802,308,9,2020-04-07,2020-06-16,Hong Kong,Sao Paolo,619,BOOKED
6772119076277928214,402,3,2020-04-07,2020-07-06,Milano,Hong Kong,702,BOOKED
3091426390574093417,372,23,2020-04-07,2020-04-21,Cairo,Moscow,521,CANCELLED
1148462160406073364,179,5,2020-04-07,2020-05-31,Amsterdam,Toronto,34,EXCHANGED
2468123468499366025,162,13,2020-04-07,2020-04-27,Los Angeles,Cairo,76,EXCHANGED
4788121625721229904,382,8,2020-04-07,2020-05-18,Cairo,Sao Paolo,72,EXCHANGED
1970674926234039282,39,15,2020-04-07,2020-04-26,Athens,Paris,26,EXCHANGED
8320149858076338293,336,12,2020-04-08,2020-06-15,Madrid,Cairo,532,BOOKED
5827204875116425994,334,10,2020-04-08,2020-08-06,Sydney,Sao Paolo,659,BOOKED
4735542050532888012,268,19,2020-04-08,2020-07-13,Sydney,New Mexico,482,BOOKED
6497636660750079020,279,5,2020-04-08,2020-07-21,Amsterdam,Sydney,56,BOOKED
5357706247362724088,301,2,2020-04-08,2020-06-16,Sydney,Madrid,409,BOOKED
5486011584216810853,327,3,2020-04-08,2020-06-26,Sydney,Sydney,193,BOOKED
884290642273130092,352,3,2020-04-08,2020-06-12,Oslo,Cairo,352,BOOKED
7668327186668772953,379,5,2020-04-08,2020-08-02,Sydney,Munich,56,BOOKED
540600132466350974,476,2,2020-04-08,2020-06-16,Prague,Brussels,355,BOOKED
2695685976806505251,310,11,2020-04-08,2020-07-20,Amsterdam,Sydney,499,BOOKED
5008471117471493797,265,16,2020-04-08,2020-07-02,Los Angeles,Milano,125,BOOKED
5080142415135714220,201,2,2020-04-08,2020-04-29,New Mexico,Paris,412,CANCELLED
4004612063584862431,239,15,2020-04-08,2020-06-16,Amsterdam,Beijing,85,EXCHANGED
1123128574593227152,143,19,2020-04-08,2020-07-02,Munich,Sofia,44,EXCHANGED
8260035156468678961,227,3,2020-04-08,2020-04-29,Sao Paolo,Sydney,20,EXCHANGED
4369497643206958064,204,5,2020-04-08,2020-04-26,Paris,Oslo,59,EXCHANGED
697234708884329824,74,25,2020-04-08,2020-04-03,Tokyo,Oslo,36,EXCHANGED
5672453586533361516,39,15,2020-04-09,2020-06-28,New York,Tokyo,309,BOOKED
6433249683240179972,339,15,2020-04-09,2020-06-27,Hong Kong,Lisbon,169,BOOKED
1184956107174845301,197,23,2020-04-09,2020-06-17,Sydney,Sydney,684,BOOKED
2839325506661202721,340,16,2020-04-09,2020-08-05,Sydney,Lisbon,324,BOOKED
8630684669559405001,275,1,2020-04-09,2020-07-02,Kiev,Hong Kong,169,BOOKED
7473459409316168452,443,19,2020-04-09,2020-06-13,Budapest,Sydney,515,BOOKED
6523253300947124093,148,24,2020-04-09,2020-08-02,Budapest,New York,159,BOOKED
3096855443919287359,102,3,2020-04-09,2020-06-15,Sydney,Osaka,36,BOOKED
326924205112876080,48,24,2020-04-09,2020-08-05,Stockholm,Paris,494,BOOKED
2377433836894167096,450,1,2020-04-09,2020-06-26,Stockholm,Sao Paolo,796,BOOKED
8285551830098629535,105,6,2020-04-09,2020-07-08,Osaka,Sofia,252,BOOKED
1392201066995843755,40,16,2020-04-09,2020-05-08,Los Angeles,Lausanne,53,EXCHANGED
6395145190703960814,299,25,2020-04-09,2020-06-24,Sao Paolo,Paris,57,EXCHANGED
7854323155227470379,341,17,2020-04-09,2020-05-22,Paris,Paris,35,EXCHANGED
5827755286434880789,5,6,2020-04-09,2020-05-28,New Mexico,Toronto,53,EXCHANGED
5274033620830194492,83,9,2020-04-09,2020-06-25,Budapest,New Delhi,46,EXCHANGED
5488265456398911685,182,8,2020-04-09,2020-05-16,Sao Paolo,Athens,62,EXCHANGED
7646937488042691877,250,1,2020-04-09,2020-05-14,Oslo,Paris,34,EXCHANGED
5668352579959648954,194,20,2020-04-09,2020-07-06,Athens,New Mexico,22,EXCHANGED
3759645015011969410,174,25,2020-04-10,2020-06-17,Kiev,Amsterdam,120,BOOKED
2805736203048981014,483,9,2020-04-10,2020-07-21,Milano,Hong Kong,357,BOOKED
5502442171673719654,465,16,2020-04-10,2020-06-26,Sao Paolo,Hong Kong,370,BOOKED
1046147407185123371,12,13,2020-04-10,2020-08-06,New York,Amsterdam,80,BOOKED
601156033881933967,288,14,2020-04-10,2020-07-04,Osaka,Lausanne,569,BOOKED
3516726631312659452,434,10,2020-04-10,2020-06-10,Sydney,Stockholm,227,BOOKED
8587380721121479603,250,1,2020-04-10,2020-06-16,Stockholm,Amsterdam,764,BOOKED
5548714044608238703,378,4,2020-04-10,2020-06-19,Sydney,Sydney,168,BOOKED
446210826036784581,354,5,2020-04-10,2020-07-29,London,Sydney,367,BOOKED
7471217594059065754,419,20,2020-04-10,2020-06-21,Los Angeles,Sydney,145,BOOKED
8025293111821136790,35,11,2020-04-10,2020-07-05,Stockholm,Hong Kong,570,BOOKED
535716089768592115,229,5,2020-04-10,2020-07-06,Los Angeles,Oslo,741,BOOKED
257895701385415794,308,9,2020-04-10,2020-06-12,Moscow,Munich,282,BOOKED
1070050958476759504,475,1,2020-04-10,2020-06-19,Amsterdam,Tokyo,426,BOOKED
3293272194531653313,491,17,2020-04-10,2020-04-11,Amsterdam,Paris,131,CANCELLED
843126817430380674,35,11,2020-04-10,2020-05-04,New Delhi,Athens,540,CANCELLED
8748583182893890369,195,21,2020-04-10,2020-07-03,Johannesburg,Amsterdam,26,EXCHANGED
422678300620433588,28,4,2020-04-10,2020-05-31,Paris,Warsaw,34,EXCHANGED
1979759232312403959,39,15,2020-04-10,2020-05-28,Stockholm,Beijing,33,EXCHANGED
4972072651075744445,365,16,2020-04-10,2020-07-07,Madrid,Berlin,33,EXCHANGED
698013404927080686,52,3,2020-04-10,2020-05-01,Osaka,Paris,46,EXCHANGED
1414188800172396581,472,23,2020-04-11,2020-06-20,Johannesburg,Osaka,468,BOOKED
8030766891227632545,113,14,2020-04-11,2020-07-06,Prague,Budapest,85,BOOKED
8046522955912192459,246,22,2020-04-11,2020-07-07,Oslo,Sao Paolo,475,BOOKED
6213883062974320934,294,20,2020-04-11,2020-07-20,Paris,Hong Kong,582,BOOKED
761324557187492699,41,17,2020-04-11,2020-07-03,Lisbon,Madrid,409,BOOKED
8922278106641408427,256,7,2020-04-11,2020-06-25,Sydney,Berlin,578,BOOKED
8095699313241587687,330,6,2020-04-11,2020-06-27,Amsterdam,Amsterdam,631,BOOKED
644041404691612939,49,25,2020-04-11,2020-04-30,Osaka,Amsterdam,52,EXCHANGED
971250640470875318,194,20,2020-04-11,2020-07-06,Amsterdam,Amsterdam,43,EXCHANGED
6944281688904543812,457,8,2020-04-11,2020-06-10,Dubai,Sao Paolo,36,EXCHANGED
615580041256607126,183,9,2020-04-11,2020-06-27,Sao Paolo,Milano,48,EXCHANGED
8711254679763056346,185,11,2020-04-11,2020-05-13,Amsterdam,Moscow,20,EXCHANGED
424131218487877695,329,5,2020-04-11,2020-05-26,Athens,Milano,41,EXCHANGED
2764244627516335733,170,21,2020-04-12,2020-07-24,London,Sao Paolo,645,BOOKED
2800531330779330729,398,24,2020-04-12,2020-07-02,Prague,Amsterdam,628,BOOKED
8277786260270655160,31,7,2020-04-12,2020-06-24,Madrid,Dubai,212,BOOKED
3846110422029576904,100,1,2020-04-12,2020-07-07,Amsterdam,Amsterdam,802,BOOKED
1524095328213421054,73,24,2020-04-12,2020-07-31,Athens,Johannesburg,495,BOOKED
7827719887828416315,39,15,2020-04-12,2020-06-14,Johannesburg,Paris,664,BOOKED
8673642273886100086,93,19,2020-04-12,2020-06-17,New York,Paris,641,BOOKED
720948959673257657,147,23,2020-04-12,2020-08-07,Oslo,Hong Kong,135,BOOKED
6618948722695518602,136,12,2020-04-12,2020-07-11,Munich,Cairo,189,BOOKED
720632149297929347,379,5,2020-04-12,2020-04-05,Amsterdam,Milano,116,CANCELLED
2906611298913027682,208,9,2020-04-12,2020-04-07,Sofia,Lisbon,325,CANCELLED
7930541685743663877,486,12,2020-04-12,2020-05-12,New Delhi,Prague,69,EXCHANGED
2002243894983017691,182,8,2020-04-12,2020-05-04,Toronto,Amsterdam,36,EXCHANGED
270985231575031674,161,12,2020-04-13,2020-06-23,New Delhi,Oslo,88,BOOKED
2033856167617300504,113,14,2020-04-13,2020-07-24,Sydney,Budapest,69,BOOKED
3372840913864156763,382,8,2020-04-13,2020-06-17,New York,Paris,503,BOOKED
574025829523150205,422,23,2020-04-13,2020-07-11,Sao Paolo,Paris,65,BOOKED
2944773814766090379,308,9,2020-04-13,2020-08-07,Cairo,Amsterdam,182,BOOKED
6997548828339211105,214,15,2020-04-13,2020-06-24,Amsterdam,Berlin,72,BOOKED
4854358414295567620,250,1,2020-04-13,2020-07-23,Buenos Aires,Amsterdam,317,BOOKED
6992303391506444566,447,23,2020-04-13,2020-06-14,Hong Kong,Kiev,518,CANCELLED
1197963294233609187,376,2,2020-04-13,2020-07-06,Johannesburg,London,70,CANCELLED
222063463541763565,95,21,2020-04-13,2020-06-01,Amsterdam,Oslo,34,EXCHANGED
4568231392396964678,182,8,2020-04-13,2020-05-18,Sydney,Moscow,49,EXCHANGED
7676321957680464355,385,11,2020-04-13,2020-06-09,Paris,Stockholm,41,EXCHANGED
5406254988891546277,221,22,2020-04-13,2020-06-28,Paris,Sydney,46,EXCHANGED
3998131235592348076,280,6,2020-04-13,2020-06-20,Budapest,Amsterdam,22,EXCHANGED
9158226944974984393,231,7,2020-04-13,2020-04-08,Los Angeles,Johannesburg,44,EXCHANGED
8335351738162097317,376,2,2020-04-13,2020-04-30,Sydney,Hong Kong,28,EXCHANGED
1661752618842820101,137,13,2020-04-13,2020-05-13,Sao Paolo,Cairo,57,EXCHANGED
5400779721561554197,488,14,2020-04-14,2020-06-27,Bogota,Paris,715,BOOKED
1835903347836819335,405,6,2020-04-14,2020-06-18,Paris,Amsterdam,27,BOOKED
1174100509234553456,46,22,2020-04-14,2020-06-15,Amsterdam,Prague,177,BOOKED
4442741203101286825,303,4,2020-04-14,2020-06-14,Sofia,Sydney,500,BOOKED
1481747360066719225,186,12,2020-04-14,2020-08-11,Sao Paolo,Hong Kong,498,BOOKED
5440647098074385530,243,19,2020-04-14,2020-06-24,Los Angeles,Oslo,106,BOOKED
7860066139045502644,173,24,2020-04-14,2020-06-15,Sao Paolo,Sydney,414,BOOKED
2560600730252987589,414,15,2020-04-14,2020-07-10,Paris,Moscow,638,BOOKED
8671417131129251530,39,15,2020-04-14,2020-07-30,London,Sydney,140,BOOKED
229911377859523048,491,17,2020-04-14,2020-06-18,Oslo,Bogota,180,BOOKED
1095790606934279347,125,1,2020-04-14,2020-06-03,Dubai,Tokyo,54,EXCHANGED
5276132846037939694,449,25,2020-04-14,2020-04-29,Moscow,Paris,24,EXCHANGED
4165820981346249054,233,9,2020-04-14,2020-05-16,Buenos Aires,Tokyo,37,EXCHANGED
8589717378722318238,442,18,2020-04-14,2020-05-11,Kiev,Dubai,34,EXCHANGED
4425422355329376057,307,8,2020-04-14,2020-06-21,Amsterdam,Sydney,24,EXCHANGED
7707484599460455520,183,9,2020-04-15,2020-07-16,New York,Lausanne,344,BOOKED
6475964640919851412,3,4,2020-04-15,2020-07-31,Madrid,Toronto,383,BOOKED
2503638026827892593,466,17,2020-04-15,2020-07-05,Sao Paolo,Prague,304,BOOKED
1629538690497226401,39,15,2020-04-15,2020-07-16,Sydney,Sydney,395,BOOKED
3073934677685967013,156,7,2020-04-15,2020-08-10,Prague,New Delhi,255,BOOKED
8381333940602987725,316,17,2020-04-15,2020-07-31,Cairo,Athens,643,BOOKED
3715275483881735508,269,20,2020-04-15,2020-08-07,Los Angeles,Stockholm,745,BOOKED
9039274370364532874,308,9,2020-04-15,2020-06-19,Osaka,Johannesburg,227,BOOKED
1759953854476323888,308,9,2020-04-15,2020-07-09,Moscow,Sao Paolo,693,BOOKED
7757018659742131946,200,1,2020-04-15,2020-05-05,London,Johannesburg,187,CANCELLED
8944655345728670048,41,17,2020-04-15,2020-04-18,Sydney,Toronto,303,CANCELLED
3307023715852848993,74,25,2020-04-15,2020-05-19,Los Angeles,Toronto,600,CANCELLED
2795701658238209467,109,10,2020-04-15,2020-06-20,Sao Paolo,Moscow,24,EXCHANGED
3459890191715043720,250,1,2020-04-15,2020-05-31,Bogota,Paris,27,EXCHANGED
4579053611393613020,260,11,2020-04-16,2020-08-06,Amsterdam,Sydney,41,BOOKED
5435277287688843258,153,4,2020-04-16,2020-07-05,Bogota,Osaka,757,BOOKED
7697306947594999476,306,7,2020-04-16,2020-07-11,Sydney,Sao Paolo,671,BOOKED
5341885950031251415,129,5,2020-04-16,2020-07-31,Munich,Sydney,502,BOOKED
1415347025660328548,51,2,2020-04-16,2020-06-26,Lisbon,New Delhi,332,BOOKED
5355081031793869614,346,22,2020-04-16,2020-07-30,Los Angeles,Cairo,180,BOOKED
6121023432611215465,452,3,2020-04-16,2020-06-19,Lisbon,Amsterdam,688,BOOKED
5097426996621005466,194,20,2020-04-16,2020-07-30,Johannesburg,Milano,238,BOOKED
6982207698149278662,8,9,2020-04-16,2020-07-24,Paris,Hong Kong,242,BOOKED
5264612815866730144,409,10,2020-04-16,2020-05-26,Lisbon,Milano,430,CANCELLED
1967122863556509383,219,20,2020-04-16,2020-04-20,Tokyo,New Delhi,328,CANCELLED
4116327053287826300,441,17,2020-04-16,2020-04-27,Moscow,Sydney,636,CANCELLED
900311895902310326,68,19,2020-04-16,2020-05-08,Lisbon,Hong Kong,24,EXCHANGED
1037660087713587902,334,10,2020-04-16,2020-06-25,Johannesburg,Paris,71,EXCHANGED
4557126980759869753,250,1,2020-04-16,2020-05-30,Sydney,Osaka,62,EXCHANGED
8168169227296493155,126,2,2020-04-16,2020-05-05,Sao Paolo,Lausanne,36,EXCHANGED
4038784472040370475,219,20,2020-04-16,2020-04-09,Madrid,Sydney,25,EXCHANGED
2995595523051771694,360,11,2020-04-16,2020-05-12,Los Angeles,Buenos Aires,31,EXCHANGED
520480469738504283,178,4,2020-04-16,2020-06-14,Cairo,Budapest,30,EXCHANGED
1311625487224795576,304,5,2020-04-16,2020-05-21,Bogota,Madrid,42,EXCHANGED
5671113303649532461,355,6,2020-04-17,2020-07-21,Hong Kong,Paris,701,BOOKED
7114935142489766470,111,12,2020-04-17,2020-07-15,Beijing,Amsterdam,25,BOOKED
2605676962594171786,118,19,2020-04-17,2020-07-22,Oslo,London,78,BOOKED
7346427621576640832,184,10,2020-04-17,2020-07-17,Tokyo,Paris,470,BOOKED
9126819453190643780,423,24,2020-04-17,2020-07-18,Toronto,Amsterdam,779,BOOKED
3163982708393613309,94,20,2020-04-17,2020-07-22,Sydney,New York,750,BOOKED
6580582886556697989,352,3,2020-04-17,2020-08-13,Sydney,Stockholm,482,BOOKED
8770462447784988674,171,22,2020-04-17,2020-06-19,Amsterdam,Johannesburg,795,BOOKED
280674394549513075,80,6,2020-04-17,2020-06-27,Berlin,Munich,473,BOOKED
2055510978621934192,105,6,2020-04-17,2020-07-20,Munich,Hong Kong,105,BOOKED
4767740540329925560,273,24,2020-04-17,2020-06-18,Kiev,Munich,499,BOOKED
169218907815706899,194,20,2020-04-17,2020-07-16,Sao Paolo,Milano,314,BOOKED
1151961298544947348,280,6,2020-04-17,2020-06-20,Kiev,Toronto,44,EXCHANGED
5414082997217633167,66,17,2020-04-17,2020-06-11,Athens,Paris,63,EXCHANGED
8286217807370330207,233,9,2020-04-17,2020-05-18,Lisbon,Lausanne,54,EXCHANGED
455814435459724486,250,1,2020-04-17,2020-05-18,Hong Kong,Osaka,48,EXCHANGED
1679346875815805916,370,21,2020-04-18,2020-07-27,Berlin,Sydney,747,BOOKED
5048163454941582168,298,24,2020-04-18,2020-07-03,Toronto,Dubai,798,BOOKED
577168898257107213,6,7,2020-04-18,2020-07-24,Berlin,Oslo,248,BOOKED
1642294943823826997,319,20,2020-04-18,2020-08-01,Moscow,Amsterdam,57,BOOKED
1522271072426305961,231,7,2020-04-18,2020-08-07,New Mexico,Amsterdam,480,BOOKED
7597338192304001805,474,25,2020-04-18,2020-08-05,Brussels,Sydney,460,BOOKED
8472600610426396306,422,23,2020-04-18,2020-07-20,Sofia,Los Angeles,344,BOOKED
824850478622459302,135,11,2020-04-18,2020-07-21,Sao Paolo,Toronto,222,BOOKED
7916352292175798799,316,17,2020-04-18,2020-08-01,Sao Paolo,Sofia,718,BOOKED
6777149137356783573,333,9,2020-04-18,2020-05-26,Sydney,Munich,216,CANCELLED
4739610544724766583,386,12,2020-04-18,2020-04-24,Beijing,Sydney,180,CANCELLED
5336031740163667960,222,23,2020-04-18,2020-06-22,Oslo,Milano,44,EXCHANGED
603840444051223333,114,15,2020-04-18,2020-05-28,Paris,Amsterdam,36,EXCHANGED
9155517878057322454,263,14,2020-04-19,2020-06-23,Berlin,London,297,BOOKED
4628986583722800238,39,15,2020-04-19,2020-06-22,Paris,London,575,BOOKED
5591979532237096123,442,18,2020-04-19,2020-07-23,Los Angeles,Amsterdam,604,BOOKED
4939793001864993354,85,11,2020-04-19,2020-06-26,New Delhi,Amsterdam,81,BOOKED
3724817861540429176,308,9,2020-04-19,2020-08-14,Sydney,Paris,171,BOOKED
1575373086638261222,474,25,2020-04-19,2020-08-11,Dubai,Munich,275,BOOKED
8626267683043017766,373,24,2020-04-19,2020-08-09,Oslo,Amsterdam,635,BOOKED
8220388280365975206,70,21,2020-04-19,2020-07-18,Sydney,Lisbon,191,BOOKED
7550663518938505752,175,1,2020-04-19,2020-07-29,Amsterdam,Berlin,47,BOOKED
2034049728228668128,310,11,2020-04-19,2020-07-02,New Mexico,London,451,BOOKED
2160341220461146320,442,18,2020-04-19,2020-06-30,Milano,Dubai,202,BOOKED
4723312142767576925,207,8,2020-04-19,2020-07-09,Berlin,Warsaw,30,BOOKED
2205685268005249338,319,20,2020-04-19,2020-08-04,New York,Lisbon,483,BOOKED
8091196140404814156,194,20,2020-04-19,2020-07-16,Tokyo,Toronto,569,BOOKED
3677926745418085174,205,6,2020-04-19,2020-06-20,Johannesburg,Amsterdam,753,BOOKED
8293309103840016916,42,18,2020-04-19,2020-06-07,Sao Paolo,Sydney,110,CANCELLED
5752229591580984652,449,25,2020-04-19,2020-04-29,Paris,Munich,611,CANCELLED
156997092891591026,88,14,2020-04-19,2020-05-12,Toronto,Buenos Aires,31,EXCHANGED
5456466079030675248,259,10,2020-04-19,2020-07-02,Kiev,Oslo,68,EXCHANGED
12741802699884925,417,18,2020-04-19,2020-05-22,Brussels,Paris,22,EXCHANGED
8903059960802552955,396,22,2020-04-19,2020-06-06,Osaka,Budapest,21,EXCHANGED
4227328246889196732,470,21,2020-04-19,2020-06-27,Oslo,Amsterdam,44,EXCHANGED
362127872600358164,39,15,2020-04-19,2020-05-13,Bogota,Dubai,21,EXCHANGED
8738553895584536254,308,9,2020-04-19,2020-06-07,Amsterdam,Milano,23,EXCHANGED
1514147124199145096,347,23,2020-04-20,2020-07-11,Los Angeles,Toronto,718,BOOKED
445569945917148667,272,23,2020-04-20,2020-08-05,Paris,Sydney,795,BOOKED
5891455535818682498,251,2,2020-04-20,2020-07-09,Brussels,Kiev,32,BOOKED
2283469258903036076,6,7,2020-04-20,2020-07-19,London,Johannesburg,270,BOOKED
7834313216645473166,426,2,2020-04-20,2020-08-10,Milano,Berlin,693,BOOKED
3451568352666046418,410,11,2020-04-20,2020-07-14,Athens,Paris,623,BOOKED
6049417440598556346,127,3,2020-04-20,2020-06-30,Sao Paolo,Bogota,755,BOOKED
629947172367557053,279,5,2020-04-20,2020-08-13,Warsaw,Amsterdam,361,BOOKED
412032256071544128,241,17,2020-04-20,2020-05-21,Sydney,Amsterdam,265,CANCELLED
1760531752939258129,198,24,2020-04-20,2020-05-22,Sofia,Buenos Aires,23,EXCHANGED
4679731131520263399,358,9,2020-04-20,2020-05-17,Paris,Cairo,24,EXCHANGED
6961621618808882228,325,1,2020-04-20,2020-05-17,Prague,Amsterdam,44,EXCHANGED
3686049192971385702,397,23,2020-04-20,2020-06-13,Hong Kong,Sydney,31,EXCHANGED
892162189870268284,137,13,2020-04-20,2020-06-13,Athens,Amsterdam,28,EXCHANGED
3148562970873242324,39,15,2020-04-20,2020-05-24,Johannesburg,Sofia,30,EXCHANGED
7359301638604204788,39,15,2020-04-20,2020-05-22,Hong Kong,Amsterdam,58,EXCHANGED
2390626512497667871,358,9,2020-04-20,2020-06-15,Cairo,Sydney,30,EXCHANGED
6994654971008728904,227,3,2020-04-20,2020-05-06,Sao Paolo,Cairo,70,EXCHANGED
5408412283044664617,91,17,2020-04-21,2020-07-21,Budapest,Amsterdam,331,BOOKED
687667912373005035,41,17,2020-04-21,2020-07-06,Sao Paolo,Toronto,550,BOOKED
6977041245336374946,308,9,2020-04-21,2020-06-25,Lausanne,Amsterdam,619,BOOKED
6379728974448030786,204,5,2020-04-21,2020-07-29,Hong Kong,Paris,705,BOOKED
3513617696438172776,330,6,2020-04-21,2020-07-10,Milano,Brussels,208,BOOKED
3928221751658540040,449,25,2020-04-21,2020-07-06,Bogota,Budapest,65,BOOKED
6111493306826431617,205,6,2020-04-21,2020-07-02,Sydney,Amsterdam,536,BOOKED
8431080135658480909,450,1,2020-04-21,2020-07-23,Sydney,Paris,195,BOOKED
3294811777533785483,242,18,2020-04-21,2020-07-29,Los Angeles,Milano,145,BOOKED
840741245006820939,341,17,2020-04-21,2020-08-18,Munich,London,749,BOOKED
1696455136044612335,470,21,2020-04-21,2020-07-04,Buenos Aires,Lisbon,48,BOOKED
4653205928696476426,412,13,2020-04-21,2020-06-25,Prague,Tokyo,274,BOOKED
4319865446272524900,92,18,2020-04-21,2020-07-21,Lausanne,New Delhi,100,BOOKED
7461070596183682946,260,11,2020-04-21,2020-08-07,Madrid,Oslo,360,BOOKED
5809277071750979690,442,18,2020-04-21,2020-06-11,Sydney,New Delhi,658,CANCELLED
7581459955701472776,398,24,2020-04-21,2020-07-17,Los Angeles,Dubai,79,EXCHANGED
155785297561791709,446,22,2020-04-21,2020-05-27,Athens,Paris,37,EXCHANGED
3490729219006651396,331,7,2020-04-21,2020-05-20,Milano,Lausanne,26,EXCHANGED
5078018340172728640,194,20,2020-04-21,2020-05-24,Hong Kong,Budapest,52,EXCHANGED
1889945306270999922,144,20,2020-04-21,2020-06-04,Prague,Amsterdam,59,EXCHANGED
1418360179504758695,149,25,2020-04-21,2020-05-17,Madrid,Cairo,36,EXCHANGED
1989905167491099249,60,11,2020-04-22,2020-07-19,Amsterdam,Sydney,240,BOOKED
847598674391682314,249,25,2020-04-22,2020-08-12,Lisbon,Amsterdam,253,BOOKED
4160244710112939839,234,10,2020-04-22,2020-07-19,Sao Paolo,Bogota,621,BOOKED
6902989278789046896,429,5,2020-04-22,2020-08-06,Sao Paolo,Stockholm,203,BOOKED
5236200102725721239,350,1,2020-04-22,2020-08-16,Amsterdam,New Delhi,813,BOOKED
7382926198859731362,442,18,2020-04-22,2020-07-02,Paris,Tokyo,113,BOOKED
7114322152925000283,432,8,2020-04-22,2020-07-12,Hong Kong,New York,91,BOOKED
2287998729671642499,167,18,2020-04-22,2020-07-20,Amsterdam,New Delhi,563,BOOKED
8430238219278198310,20,21,2020-04-22,2020-08-10,Oslo,New Mexico,395,BOOKED
4744677016233230550,116,17,2020-04-22,2020-06-30,Brussels,Berlin,333,BOOKED
4909706060855792583,393,19,2020-04-22,2020-07-08,Sydney,Madrid,552,BOOKED
4820992619812182944,106,7,2020-04-22,2020-07-07,Beijing,Sao Paolo,30,BOOKED
8157257571441860998,60,11,2020-04-22,2020-06-22,Dubai,Sao Paolo,175,BOOKED
523467222891248802,250,1,2020-04-22,2020-07-10,Paris,Dubai,419,BOOKED
6807979192965832571,333,9,2020-04-22,2020-08-01,Dubai,Johannesburg,267,BOOKED
5731970830702506807,442,18,2020-04-22,2020-05-27,Bogota,Tokyo,511,CANCELLED
2014042024364235948,352,3,2020-04-22,2020-07-06,Hong Kong,Paris,21,EXCHANGED
6952094763859803322,120,21,2020-04-22,2020-05-29,New York,Paris,40,EXCHANGED
3343114275314881087,364,15,2020-04-22,2020-06-13,Amsterdam,Munich,31,EXCHANGED
1349626154399755364,414,15,2020-04-22,2020-06-11,New York,Sydney,32,EXCHANGED
3534519326375020548,363,14,2020-04-22,2020-05-24,Oslo,Amsterdam,56,EXCHANGED
6691722606228934025,31,7,2020-04-23,2020-08-07,Prague,Warsaw,683,BOOKED
9191053609537361831,329,5,2020-04-23,2020-07-01,Madrid,Moscow,691,BOOKED
3045585759932978275,125,1,2020-04-23,2020-08-04,Paris,Milano,229,BOOKED
2316770852948763811,442,18,2020-04-23,2020-08-21,Munich,New Delhi,300,BOOKED
6777643355898673078,241,17,2020-04-23,2020-07-13,New Delhi,Sofia,565,BOOKED
4857497652690251133,143,19,2020-04-23,2020-07-27,Amsterdam,Bogota,364,BOOKED
1837046816566101460,288,14,2020-04-23,2020-07-23,Sao Paolo,Amsterdam,781,BOOKED
1550502209037799970,276,2,2020-04-23,2020-07-13,Amsterdam,Amsterdam,813,BOOKED
8846678969780959371,141,17,2020-04-23,2020-08-07,Moscow,Sofia,583,BOOKED
7229747997016464730,67,18,2020-04-23,2020-07-12,Paris,New York,636,BOOKED
1317684970620004283,394,20,2020-04-23,2020-07-15,Berlin,Toronto,726,BOOKED
8399063386788681025,250,1,2020-04-23,2020-07-19,Stockholm,Madrid,441,BOOKED
5446732428677475636,266,17,2020-04-23,2020-08-19,Madrid,Osaka,390,BOOKED
3121388817125257041,396,22,2020-04-23,2020-08-16,Oslo,Munich,287,BOOKED
3573395908461745936,378,4,2020-04-23,2020-06-08,Amsterdam,Sydney,31,EXCHANGED
1162545221725813045,188,14,2020-04-23,2020-05-12,Tokyo,Amsterdam,23,EXCHANGED
4833281780821916166,7,8,2020-04-23,2020-05-18,Amsterdam,Sofia,24,EXCHANGED
5534281790448445384,56,7,2020-04-24,2020-07-17,Berlin,Sydney,73,BOOKED
2931951276889265178,237,13,2020-04-24,2020-06-26,Sao Paolo,Toronto,741,BOOKED
6268576336057118926,321,22,2020-04-24,2020-08-20,Amsterdam,Oslo,482,BOOKED
5089311681321916348,429,5,2020-04-24,2020-07-01,Budapest,New Delhi,685,BOOKED
794510361097208218,206,7,2020-04-24,2020-06-28,Munich,Budapest,455,BOOKED
5578600039856174132,456,7,2020-04-24,2020-07-01,Sydney,Prague,295,BOOKED
7502750907955691715,389,15,2020-04-24,2020-07-10,Amsterdam,Sydney,571,BOOKED
9162784542945370001,319,20,2020-04-24,2020-07-03,Sydney,Amsterdam,683,BOOKED
7406471048322074200,442,18,2020-04-24,2020-06-27,Amsterdam,Amsterdam,358,BOOKED
5219789970416417451,338,14,2020-04-24,2020-05-26,Madrid,Dubai,21,EXCHANGED
2585180464967499692,74,25,2020-04-24,2020-06-02,Athens,Toronto,28,EXCHANGED
8739464787337244348,353,4,2020-04-24,2020-06-19,Bogota,Sao Paolo,20,EXCHANGED
5341512133177418155,136,12,2020-04-24,2020-05-20,Sydney,Amsterdam,22,EXCHANGED
247506117094346312,369,20,2020-04-24,2020-05-22,Buenos Aires,Paris,23,EXCHANGED
7367926310524187243,316,17,2020-04-24,2020-06-01,Sydney,Amsterdam,20,EXCHANGED
3394580051502628673,40,16,2020-04-24,2020-05-16,Amsterdam,Sao Paolo,35,EXCHANGED
2990839639892128949,291,17,2020-04-25,2020-08-21,Dubai,Sydney,162,BOOKED
458615511933370355,431,7,2020-04-25,2020-07-21,Dubai,Amsterdam,56,BOOKED
7265698253865449628,310,11,2020-04-25,2020-08-23,Osaka,Hong Kong,320,BOOKED
52103256221647867,21,22,2020-04-25,2020-07-26,Los Angeles,Sofia,632,BOOKED
4466467660619840501,250,1,2020-04-25,2020-07-20,Amsterdam,Tokyo,229,BOOKED
205299907772904530,13,14,2020-04-25,2020-08-16,Lisbon,Sydney,160,BOOKED
126795858645250733,497,23,2020-04-25,2020-08-03,London,Sydney,451,BOOKED
5172318344413884268,123,24,2020-04-25,2020-07-28,Amsterdam,Madrid,354,BOOKED
7457968090773719228,76,2,2020-04-25,2020-08-20,Paris,Paris,318,BOOKED
3279673617715926580,146,22,2020-04-25,2020-08-18,Paris,Tokyo,496,BOOKED
1158659438014267690,16,17,2020-04-25,2020-06-27,Sao Paolo,Moscow,485,BOOKED
4257922134849738131,308,9,2020-04-25,2020-07-03,Amsterdam,Sydney,184,BOOKED
5949249441462081304,442,18,2020-04-25,2020-05-02,Hong Kong,New Mexico,261,CANCELLED
3648739231448024303,493,19,2020-04-25,2020-05-31,Amsterdam,Sydney,27,EXCHANGED
5827755286434880789,5,6,2020-04-25,2020-05-28,New Mexico,Toronto,54,EXCHANGED
1979759232312403959,39,15,2020-04-25,2020-05-28,Stockholm,Beijing,20,EXCHANGED
6211177127437328397,360,11,2020-04-25,2020-05-17,Cairo,Sofia,26,EXCHANGED
9164985400753418230,209,10,2020-04-25,2020-05-22,Osaka,Dubai,24,EXCHANGED
309783756447691462,442,18,2020-04-26,2020-07-18,Sydney,Sao Paolo,538,BOOKED
3463502759736068498,367,18,2020-04-26,2020-08-16,Buenos Aires,Athens,369,BOOKED
5142435433649110149,39,15,2020-04-26,2020-07-03,Sao Paolo,Sydney,54,BOOKED
979323249513601316,84,10,2020-04-26,2020-08-11,Moscow,Lausanne,799,BOOKED
8414885928714624713,107,8,2020-04-26,2020-07-05,Johannesburg,Amsterdam,709,BOOKED
2769090731182361930,285,11,2020-04-26,2020-08-18,Los Angeles,Sao Paolo,633,BOOKED
1375225772736777742,54,5,2020-04-26,2020-07-15,Moscow,Milano,582,BOOKED
3496093293986543533,39,15,2020-04-26,2020-07-18,Amsterdam,Paris,320,BOOKED
5294180321743412338,422,23,2020-04-26,2020-07-14,Sao Paolo,Milano,98,BOOKED
3731421411758138009,9,10,2020-04-26,2020-08-22,New Mexico,Los Angeles,400,BOOKED
2651106498962872323,457,8,2020-04-26,2020-08-20,Moscow,Sydney,522,BOOKED
3560393964304979873,130,6,2020-04-26,2020-07-05,Sydney,New York,790,BOOKED
7464459079099628797,417,18,2020-04-26,2020-07-03,Tokyo,Sofia,757,BOOKED
2231053509169248949,394,20,2020-04-26,2020-08-08,Sydney,Prague,152,BOOKED
5894027272504133023,261,12,2020-04-26,2020-07-17,Oslo,Sydney,75,CANCELLED
422678300620433588,28,4,2020-04-26,2020-05-31,Paris,Warsaw,32,EXCHANGED
1389662034239405312,270,21,2020-04-26,2020-05-22,Kiev,Madrid,20,EXCHANGED
5927252251417379488,252,3,2020-04-26,2020-05-28,Moscow,Stockholm,48,EXCHANGED
8371314190073027454,9,10,2020-04-26,2020-05-22,Warsaw,Madrid,46,EXCHANGED
234016649456462844,115,16,2020-04-26,2020-04-21,Bogota,Paris,38,EXCHANGED
4743600287027199433,83,9,2020-04-27,2020-07-27,Amsterdam,Amsterdam,245,BOOKED
279982917458537356,364,15,2020-04-27,2020-07-26,Toronto,Buenos Aires,395,BOOKED
2865285766301068074,197,23,2020-04-27,2020-07-07,Sydney,Berlin,190,BOOKED
2526247976825247641,12,13,2020-04-27,2020-08-09,Sydney,Lausanne,758,BOOKED
3778755555502290277,220,21,2020-04-27,2020-06-30,Sydney,Buenos Aires,106,BOOKED
8413348566847405071,267,18,2020-04-27,2020-07-08,New York,Amsterdam,157,BOOKED
1009590259443972333,475,1,2020-04-27,2020-08-12,Oslo,New York,717,BOOKED
2020635054049650322,88,14,2020-04-27,2020-07-06,New Mexico,Sofia,642,BOOKED
8812836576032267775,194,20,2020-04-27,2020-07-22,Sao Paolo,Kiev,578,BOOKED
8990073171918987773,312,13,2020-04-27,2020-08-01,Lisbon,Sao Paolo,137,BOOKED
8002826900878567410,187,13,2020-04-27,2020-08-17,Toronto,Bogota,81,BOOKED
1000639878764574811,308,9,2020-04-27,2020-06-10,New Delhi,Prague,52,EXCHANGED
8300551994431678593,104,5,2020-04-27,2020-06-02,Munich,Johannesburg,30,EXCHANGED
2474276230293719648,432,8,2020-04-27,2020-06-10,New Delhi,Hong Kong,29,EXCHANGED
4533383920038945439,39,15,2020-04-27,2020-06-22,New York,Hong Kong,46,EXCHANGED
4506357919910755973,39,15,2020-04-27,2020-06-11,Amsterdam,Johannesburg,25,EXCHANGED
7827719887828416315,39,15,2020-04-27,2020-06-14,Johannesburg,Paris,81,EXCHANGED
6358253509519072973,216,17,2020-04-27,2020-06-18,Sao Paolo,Buenos Aires,21,EXCHANGED
4319372374684398539,221,22,2020-04-27,2020-06-16,Sydney,Paris,29,EXCHANGED
4440800024359241808,179,5,2020-04-28,2020-07-26,Moscow,Kiev,583,BOOKED
6785886947440985580,419,20,2020-04-28,2020-07-18,Madrid,Amsterdam,304,BOOKED
5756632195880215808,475,1,2020-04-28,2020-07-31,Tokyo,Lausanne,384,BOOKED
2373620080137172563,365,16,2020-04-28,2020-08-19,Dubai,Sofia,311,BOOKED
2634013365891371273,39,15,2020-04-28,2020-08-20,New Mexico,Paris,27,BOOKED
7467486277627551674,39,15,2020-04-28,2020-08-04,Budapest,Munich,811,BOOKED
3927909777886938360,395,21,2020-04-28,2020-07-11,London,Bogota,260,BOOKED
1225837991432789679,396,22,2020-04-28,2020-08-09,Paris,Tokyo,147,BOOKED
4051138097779278649,194,20,2020-04-28,2020-07-30,Los Angeles,Sao Paolo,769,BOOKED
8091670783801850477,66,17,2020-04-28,2020-07-09,Brussels,Munich,563,BOOKED
1037551429412426120,332,8,2020-04-28,2020-07-09,Sydney,Osaka,699,BOOKED
2816827726347837141,141,17,2020-04-28,2020-05-16,Madrid,Sydney,308,CANCELLED
7033289018655807949,129,5,2020-04-28,2020-07-13,Beijing,New Delhi,41,EXCHANGED
3858335934810629422,308,9,2020-04-28,2020-06-11,Sao Paolo,London,26,EXCHANGED
3833992279748743370,172,23,2020-04-29,2020-07-24,New Delhi,Dubai,306,BOOKED
9013924461893584248,250,1,2020-04-29,2020-06-30,Hong Kong,Munich,120,BOOKED
1705626512411938229,453,4,2020-04-29,2020-07-09,London,Kiev,395,BOOKED
4618201394775072791,250,1,2020-04-29,2020-07-04,Lisbon,Amsterdam,622,BOOKED
2574680263068326698,307,8,2020-04-29,2020-07-05,Amsterdam,Lausanne,269,BOOKED
6174542375225271454,260,11,2020-04-29,2020-08-16,Moscow,Johannesburg,126,BOOKED
9052398010139147103,389,15,2020-04-29,2020-08-19,Hong Kong,New York,205,BOOKED
6799597125693866071,419,20,2020-04-29,2020-08-03,Sydney,Paris,212,BOOKED
8593811979317120341,403,4,2020-04-29,2020-07-03,Cairo,Berlin,683,BOOKED
1384148209437638987,446,22,2020-04-29,2020-07-06,Dubai,Budapest,499,BOOKED
4917352587259141289,234,10,2020-04-29,2020-07-28,Paris,Sydney,445,BOOKED
299157599091149674,216,17,2020-04-29,2020-08-13,Kiev,Budapest,549,BOOKED
8761395328766478975,57,8,2020-04-29,2020-04-25,Dubai,Sydney,20,EXCHANGED
320509927443896591,295,21,2020-04-29,2020-06-22,Sydney,Dubai,21,EXCHANGED
8284015950814698755,383,9,2020-04-29,2020-06-06,Athens,Beijing,97,EXCHANGED
5672453586533361516,39,15,2020-04-29,2020-06-28,New York,Tokyo,30,EXCHANGED
8589175492120743855,36,12,2020-04-29,2020-06-12,Hong Kong,Paris,34,EXCHANGED
506311726772593362,483,9,2020-04-29,2020-05-31,Oslo,Bogota,34,EXCHANGED
3868493793605945431,310,11,2020-04-30,2020-08-10,Munich,Cairo,57,BOOKED
7222683194785701543,8,9,2020-04-30,2020-07-01,Munich,New York,574,BOOKED
2690974259072048246,468,19,2020-04-30,2020-06-30,New Delhi,Munich,478,BOOKED
8105567935877614636,497,23,2020-04-30,2020-07-24,Paris,Athens,612,BOOKED
3469184445758596452,75,1,2020-04-30,2020-07-08,Paris,Sydney,571,BOOKED
8552558830064293770,308,9,2020-04-30,2020-08-27,New Mexico,Prague,302,BOOKED
5896094428848156172,496,22,2020-04-30,2020-08-15,Budapest,Sofia,771,BOOKED
1169389141906521574,387,13,2020-04-30,2020-08-28,Sydney,Budapest,554,BOOKED
8608757278983182470,488,14,2020-04-30,2020-08-25,Sydney,Sao Paolo,174,BOOKED
4224744311816617081,308,9,2020-04-30,2020-06-24,Sydney,Sydney,278,CANCELLED
4004612063584862431,239,15,2020-04-30,2020-06-16,Amsterdam,Beijing,30,EXCHANGED
261332365769262468,138,14,2020-04-30,2020-06-29,Kiev,Athens,42,EXCHANGED
4126665770676003841,442,18,2020-04-30,2020-04-20,Sydney,New Delhi,36,EXCHANGED
7854323155227470379,341,17,2020-04-30,2020-05-22,Paris,Paris,61,EXCHANGED
1835903347836819335,405,6,2020-04-30,2020-06-18,Paris,Amsterdam,20,EXCHANGED
2684619586566515543,189,15,2020-04-30,2020-07-05,Paris,Amsterdam,34,EXCHANGED
